{
    "BAM_0005.h5": {
        "ecc": 0.006876809,
        "f_lower": 423.2855,
        "kappa2t": 123.40243125000002,
        "lambda1": 658.1463,
        "lambda2": 658.1463,
        "m1": 1.375008,
        "m2": 1.375008,
        "s1x": 0.0,
        "s1y": 0.0,
        "s1z": 0.0,
        "s2x": 0.0,
        "s2y": 0.0,
        "s2z": 0.0,
        "t_align_start": 700
    },
    "BAM_0006.h5": {
        "ecc": 0.006625953,
        "f_lower": 423.4135,
        "kappa2t": 123.40243125000002,
        "lambda1": 658.1463,
        "lambda2": 658.1463,
        "m1": 1.375516,
        "m2": 1.375516,
        "s1x": 0.0,
        "s1y": 0.0,
        "s1z": 0.1935547,
        "s2x": 0.0,
        "s2y": 0.0,
        "s2z": -0.1935547,
        "t_align_start": 700
    },
    "BAM_0007.h5": {
        "ecc": 0.007699245,
        "f_lower": 423.11,
        "kappa2t": 123.40244225920135,
        "lambda1": 658.1463,
        "lambda2": 658.1463,
        "m1": 1.375516,
        "m2": 1.375008,
        "s1x": 0.0,
        "s1y": 0.0,
        "s1z": 0.1935547,
        "s2x": 0.0,
        "s2y": 0.0,
        "s2z": 0.0,
        "t_align_start": 700
    },
    "BAM_0011.h5": {
        "ecc": 0.003109509,
        "f_lower": 395.6828,
        "kappa2t": 71.76898125,
        "lambda1": 382.7679,
        "lambda2": 382.7679,
        "m1": 1.500006,
        "m2": 1.500006,
        "s1x": 0.0,
        "s1y": 0.0,
        "s1z": 0.0,
        "s2x": 0.0,
        "s2y": 0.0,
        "s2z": 0.0,
        "t_align_start": 700
    },
    "BAM_0012.h5": {
        "ecc": 0.01024971,
        "f_lower": 419.90739999999994,
        "kappa2t": 125.79096374348056,
        "lambda1": 338.6302,
        "lambda2": 1279.917,
        "m1": 1.52779,
        "m2": 1.222231,
        "s1x": 0.0,
        "s1y": 0.0,
        "s1z": 0.0,
        "s2x": 0.0,
        "s2y": 0.0,
        "s2z": 0.0,
        "t_align_start": 700
    },
    "BAM_0013.h5": {
        "ecc": 0.009893859,
        "f_lower": 420.122,
        "kappa2t": 125.776940227491,
        "lambda1": 338.6302,
        "lambda2": 1279.917,
        "m1": 1.528484,
        "m2": 1.222602,
        "s1x": 0.0,
        "s1y": 0.0,
        "s1z": 0.2429657,
        "s2x": 0.0,
        "s2y": 0.0,
        "s2z": -0.1521073,
        "t_align_start": 700
    },
    "BAM_0014.h5": {
        "ecc": 0.007829761,
        "f_lower": 420.0294,
        "kappa2t": 125.74870301795657,
        "lambda1": 338.6302,
        "lambda2": 1279.917,
        "m1": 1.528484,
        "m2": 1.222231,
        "s1x": 0.0,
        "s1y": 0.0,
        "s1z": 0.2429657,
        "s2x": 0.0,
        "s2y": 0.0,
        "s2z": 0.0,
        "t_align_start": 700
    },
    "BAM_0015.h5": {
        "ecc": 0.007334803,
        "f_lower": 419.68510000000003,
        "kappa2t": 125.776940227491,
        "lambda1": 338.6302,
        "lambda2": 1279.917,
        "m1": 1.528484,
        "m2": 1.222602,
        "s1x": 0.0,
        "s1y": 0.0,
        "s1z": 0.2429657,
        "s2x": 0.0,
        "s2y": 0.0,
        "s2z": 0.1521073,
        "t_align_start": 700
    },
    "BAM_0016.h5": {
        "ecc": 0.002626643,
        "f_lower": 337.59100000000007,
        "kappa2t": 46.1309625,
        "lambda1": 246.0318,
        "lambda2": 246.0318,
        "m1": 1.600029,
        "m2": 1.600029,
        "s1x": 0.0,
        "s1y": 0.0,
        "s1z": 0.0,
        "s2x": 0.0,
        "s2y": 0.0,
        "s2z": 0.0,
        "t_align_start": 700
    },
    "BAM_0017.h5": {
        "ecc": 0.02239881,
        "f_lower": 417.85980000000006,
        "kappa2t": 130.8733320082617,
        "lambda1": 196.1285,
        "lambda2": 2209.371,
        "m1": 1.650015,
        "m2": 1.100016,
        "s1x": 0.0,
        "s1y": 0.0,
        "s1z": 0.0,
        "s2x": 0.0,
        "s2y": 0.0,
        "s2z": 0.0,
        "t_align_start": 700
    },
    "BAM_0018.h5": {
        "ecc": 0.0228972,
        "f_lower": 417.5238,
        "kappa2t": 130.6798463416554,
        "lambda1": 195.2396,
        "lambda2": 2209.371,
        "m1": 1.650924,
        "m2": 1.100296,
        "s1x": 0.0,
        "s1y": 0.0,
        "s1z": 0.2919347,
        "s2x": 0.0,
        "s2y": 0.0,
        "s2z": -0.1222925,
        "t_align_start": 700
    },
    "BAM_0019.h5": {
        "ecc": 0.02101486,
        "f_lower": 417.4703,
        "kappa2t": 130.63697376346772,
        "lambda1": 195.2396,
        "lambda2": 2209.371,
        "m1": 1.650924,
        "m2": 1.100016,
        "s1x": 0.0,
        "s1y": 0.0,
        "s1z": 0.2919347,
        "s2x": 0.0,
        "s2y": 0.0,
        "s2z": 0.0,
        "t_align_start": 700
    },
    "BAM_0020.h5": {
        "ecc": 0.02066445,
        "f_lower": 417.347,
        "kappa2t": 130.6798463416554,
        "lambda1": 195.2396,
        "lambda2": 2209.371,
        "m1": 1.650924,
        "m2": 1.100296,
        "s1x": 0.0,
        "s1y": 0.0,
        "s1z": 0.2919347,
        "s2x": 0.0,
        "s2y": 0.0,
        "s2z": 0.1222925,
        "t_align_start": 700
    },
    "BAM_0021.h5": {
        "ecc": 0.004591342,
        "f_lower": 380.8416,
        "kappa2t": 137.01876321611593,
        "lambda1": 122.2547,
        "lambda2": 3528.002,
        "m1": 1.75001,
        "m2": 1.000009,
        "s1x": 0.0,
        "s1y": 0.0,
        "s1z": 0.0,
        "s2x": 0.0,
        "s2y": 0.0,
        "s2z": 0.0,
        "t_align_start": 700
    },
    "BAM_0042.h5": {
        "ecc": 0.01256216,
        "f_lower": 409.44569999999993,
        "kappa2t": 186.20008125,
        "lambda1": 993.0671,
        "lambda2": 993.0671,
        "m1": 1.375006,
        "m2": 1.375006,
        "s1x": 0.0,
        "s1y": 0.0,
        "s1z": 0.0,
        "s2x": 0.0,
        "s2y": 0.0,
        "s2z": 0.0,
        "t_align_start": 700
    },
    "BAM_0043.h5": {
        "ecc": 0.01283487,
        "f_lower": 409.5369,
        "kappa2t": 186.20008125,
        "lambda1": 993.0671,
        "lambda2": 993.0671,
        "m1": 1.37544,
        "m2": 1.37544,
        "s1x": 0.0,
        "s1y": 0.0,
        "s1z": 0.1892327,
        "s2x": 0.0,
        "s2y": 0.0,
        "s2z": -0.1892327,
        "t_align_start": 700
    },
    "BAM_0044.h5": {
        "ecc": 0.01179116,
        "f_lower": 409.0557,
        "kappa2t": 186.20009337519224,
        "lambda1": 993.0671,
        "lambda2": 993.0671,
        "m1": 1.37544,
        "m2": 1.375006,
        "s1x": 0.0,
        "s1y": 0.0,
        "s1z": 0.1892327,
        "s2x": 0.0,
        "s2y": 0.0,
        "s2z": 0.0,
        "t_align_start": 700
    },
    "BAM_0045.h5": {
        "ecc": 0.01031717,
        "f_lower": 408.95239999999995,
        "kappa2t": 186.20008125,
        "lambda1": 993.0671,
        "lambda2": 993.0671,
        "m1": 1.37544,
        "m2": 1.37544,
        "s1x": 0.0,
        "s1y": 0.0,
        "s1z": 0.1892327,
        "s2x": 0.0,
        "s2y": 0.0,
        "s2z": 0.1892327,
        "t_align_start": 700
    },
    "BAM_0048.h5": {
        "ecc": 0.006600551,
        "f_lower": 410.2215,
        "kappa2t": 191.83486201132615,
        "lambda1": 499.554,
        "lambda2": 1986.016,
        "m1": 1.527789,
        "m2": 1.222228,
        "s1x": 0.0,
        "s1y": 0.0,
        "s1z": 0.0,
        "s2x": 0.0,
        "s2y": 0.0,
        "s2z": 0.0,
        "t_align_start": 700
    },
    "BAM_0049.h5": {
        "ecc": 0.00483178,
        "f_lower": 409.967,
        "kappa2t": 191.77876665572427,
        "lambda1": 499.554,
        "lambda2": 1986.016,
        "m1": 1.528365,
        "m2": 1.222228,
        "s1x": 0.0,
        "s1y": 0.0,
        "s1z": 0.2328616,
        "s2x": 0.0,
        "s2y": 0.0,
        "s2z": 0.0,
        "t_align_start": 700
    },
    "BAM_0050.h5": {
        "ecc": 0.005672614,
        "f_lower": 410.2613,
        "kappa2t": 191.22417372478705,
        "lambda1": 499.554,
        "lambda2": 1976.748,
        "m1": 1.528365,
        "m2": 1.222546,
        "s1x": 0.0,
        "s1y": 0.0,
        "s1z": 0.2328616,