{
    "1.25_1.46_477_168_0.0155_182_.txt.h5": {
        "ecc": 0.0,
        "f_lower": 500.84379509190785,
        "kappa2t": 54.348004083835825,
        "lambda1": 168.0,
        "lambda2": 477.0,
        "m1": 1.46,
        "m2": 1.25,
        "s1x": 0.0,
        "s1y": 0.0,
        "s1z": 0.0,
        "s2x": 0.0,
        "s2y": 0.0,
        "s2z": 0.0,
        "t_align_start": 400
    },
    "BAM_0002.h5": {
        "ecc": 0.009810241,
        "f_lower": 454.6123999999999,
        "kappa2t": 436.1058750000001,
        "lambda1": 2325.898,
        "lambda2": 2325.898,
        "m1": 1.349979,
        "m2": 1.349979,
        "s1x": 0.0,
        "s1y": 0.0,
        "s1z": 0.0,
        "s2x": 0.0,
        "s2y": 0.0,
        "s2z": 0.0,
        "t_align_start": 400
    },
    "BAM_0003.h5": {
        "ecc": 0.008907561,
        "f_lower": 454.7933,
        "kappa2t": 137.50218750000002,
        "lambda1": 733.345,
        "lambda2": 733.345,
        "m1": 1.350017,
        "m2": 1.350017,
        "s1x": 0.0,
        "s1y": 0.0,
        "s1z": 0.0,
        "s2x": 0.0,
        "s2y": 0.0,
        "s2z": 0.0,
        "t_align_start": 400
    },
    "BAM_0004.h5": {
        "ecc": NaN,
        "f_lower": 619.1953,
        "kappa2t": 136.89007500000002,
        "lambda1": 730.0804,
        "lambda2": 730.0804,
        "m1": 1.350964,
        "m2": 1.350964,
        "s1x": 0.0,
        "s1y": 0.0,
        "s1z": 0.0,
        "s2x": 0.0,
        "s2y": 0.0,
        "s2z": 0.0,
        "t_align_start": 400
    },
    "BAM_0009.h5": {
        "ecc": 0.01246523,
        "f_lower": 491.3971,
        "kappa2t": 329.41503386510095,
        "lambda1": 2209.371,
        "lambda2": 590.758,
        "m1": 1.400003,
        "m2": 1.099995,
        "s1x": 0.0,
        "s1y": 0.0,
        "s1z": 0.0,
        "s2x": 0.0,
        "s2y": 0.0,
        "s2z": 0.0,
        "t_align_start": 400
    },
    "BAM_0010.h5": {
        "ecc": NaN,
        "f_lower": 620.4784,
        "kappa2t": 167.13931489253338,
        "lambda1": 1131.997,
        "lambda2": 475.8671,
        "m1": 1.449522,
        "m2": 1.250527,
        "s1x": 0.0,
        "s1y": 0.0,
        "s1z": 0.0,
        "s2x": 0.0,
        "s2y": 0.0,
        "s2z": 0.0,
        "t_align_start": 400
    },
    "BAM_0022.h5": {
        "ecc": 0.008856892,
        "f_lower": 454.5656,
        "kappa2t": 89.77580625,
        "lambda1": 478.8043,
        "lambda2": 478.8043,
        "m1": 1.349945,
        "m2": 1.349945,
        "s1x": 0.0,
        "s1y": 0.0,
        "s1z": 0.0,
        "s2x": 0.0,
        "s2y": 0.0,
        "s2z": 0.0,
        "t_align_start": 400
    },
    "BAM_0036.h5": {
        "ecc": NaN,
        "f_lower": 619.7101999999999,
        "kappa2t": 207.2956875,
        "lambda1": 1105.577,
        "lambda2": 1105.577,
        "m1": 1.350507,
        "m2": 1.350507,
        "s1x": 0.0,
        "s1y": 0.0,
        "s1z": 0.0,
        "s2x": 0.0,
        "s2y": 0.0,
        "s2z": 0.0,
        "t_align_start": 400
    },
    "BAM_0038.h5": {
        "ecc": 0.009287651,
        "f_lower": 440.2451,
        "kappa2t": 187.8425625,
        "lambda1": 1001.827,
        "lambda2": 1001.827,
        "m1": 1.372629,
        "m2": 1.372629,
        "s1x": 0.0,
        "s1y": 0.0,
        "s1z": -0.2668951,
        "s2x": 0.0,
        "s2y": 0.0,
        "s2z": -0.2668951,
        "t_align_start": 400
    },
    "BAM_0040.h5": {
        "ecc": 0.004834183,
        "f_lower": 439.3992999999999,
        "kappa2t": 187.8425625,
        "lambda1": 1001.827,
        "lambda2": 1001.827,
        "m1": 1.372629,
        "m2": 1.372629,
        "s1x": 0.0,
        "s1y": 0.0,
        "s1z": 0.2668951,
        "s2x": 0.0,
        "s2y": 0.0,
        "s2z": 0.2668951,
        "t_align_start": 400
    },
    "BAM_0041.h5": {
        "ecc": 0.006859977,
        "f_lower": 438.65540000000004,
        "kappa2t": 186.98812500000003,
        "lambda1": 997.27,
        "lambda2": 997.27,
        "m1": 1.373773,
        "m2": 1.373773,
        "s1x": 0.0,
        "s1y": 0.0,
        "s1z": 0.4094781,
        "s2x": 0.0,
        "s2y": 0.0,
        "s2z": 0.4094781,
        "t_align_start": 400
    },
    "BAM_0046.h5": {
        "ecc": NaN,
        "f_lower": 620.6756,
        "kappa2t": 255.12735600003055,
        "lambda1": 1737.857,
        "lambda2": 710.0343,
        "m1": 1.449783,
        "m2": 1.250509,
        "s1x": 0.0,
        "s1y": 0.0,
        "s1z": 0.0,
        "s2x": 0.0,
        "s2y": 0.0,
        "s2z": 0.0,
        "t_align_start": 400
    },
    "BAM_0058.h5": {
        "ecc": 0.008824588,
        "f_lower": 454.5509,
        "kappa2t": 114.11047500000001,
        "lambda1": 608.5892,
        "lambda2": 608.5892,
        "m1": 1.349962,
        "m2": 1.349962,
        "s1x": 0.0,
        "s1y": 0.0,
        "s1z": 0.0,
        "s2x": 0.0,
        "s2y": 0.0,
        "s2z": 0.0,
        "t_align_start": 400
    },
    "BAM_0059.h5": {
        "ecc": NaN,
        "f_lower": 620.5907,
        "kappa2t": 328.6114741395349,
        "lambda1": 1170.272,
        "lambda2": 2618.746,
        "m1": 1.450058,
        "m2": 1.249905,
        "s1x": 0.0,
        "s1y": 0.0,
        "s1z": 0.0,
        "s2x": 0.0,
        "s2y": 0.0,
        "s2z": 0.0,
        "t_align_start": 400
    },
    "BAM_0060.h5": {
        "ecc": 0.009953396,
        "f_lower": 454.52669999999995,
        "kappa2t": 325.243875,
        "lambda1": 1734.634,
        "lambda2": 1734.634,
        "m1": 1.349978,
        "m2": 1.349978,
        "s1x": 0.0,
        "s1y": 0.0,
        "s1z": 0.0,
        "s2x": 0.0,
        "s2y": 0.0,
        "s2z": 0.0,
        "t_align_start": 400
    },
    "BAM_0061.h5": {
        "ecc": NaN,
        "f_lower": 618.7263,
        "kappa2t": 323.9495625,
        "lambda1": 1727.731,
        "lambda2": 1727.731,
        "m1": 1.351462,
        "m2": 1.351462,
        "s1x": 0.0,
        "s1y": 0.0,
        "s1z": 0.0,
        "s2x": 0.0,
        "s2y": 0.0,
        "s2z": 0.0,
        "t_align_start": 400
    },
    "BAM_0063.h5": {
        "ecc": 0.007776575,
        "f_lower": 418.4837999999999,
        "kappa2t": 287.1624375,
        "lambda1": 1531.533,
        "lambda2": 1531.533,
        "m1": 1.350006,
        "m2": 1.350006,
        "s1x": 0.0,
        "s1y": 0.0,
        "s1z": 0.0,
        "s2x": 0.0,
        "s2y": 0.0,
        "s2z": 0.0,
        "t_align_start": 400
    },
    "BAM_0067.h5": {
        "ecc": 0.01148162,
        "f_lower": 429.00879999999995,
        "kappa2t": 287.1624375,
        "lambda1": 1531.533,
        "lambda2": 1531.533,
        "m1": 1.350414,
        "m2": 1.350414,
        "s1x": 0.0,
        "s1y": 0.0,
        "s1z": 0.180091,
        "s2x": 0.0,
        "s2y": 0.0,
        "s2z": 0.180091,
        "t_align_start": 400
    },
    "BAM_0069.h5": {
        "ecc": 0.01169257,
        "f_lower": 428.8088000000001,
        "kappa2t": 285.969,
        "lambda1": 1525.168,
        "lambda2": 1525.168,
        "m1": 1.350889,
        "m2": 1.350889,
        "s1x": 0.0,
        "s1y": 0.0,
        "s1z": 0.2723051,
        "s2x": 0.0,
        "s2y": 0.0,
        "s2z": 0.2723051,
        "t_align_start": 400
    },
    "BAM_0074.h5": {
        "ecc": 0.473222,
        "f_lower": 139.2569,
        "kappa2t": 254.35537499999998,
        "lambda1": 1356.562,
        "lambda2": 1356.562,
        "m1": 1.380825,
        "m2": 1.380825,
        "s1x": 0.0,
        "s1y": 0.0,
        "s1z": 0.0,
        "s2x": 0.0,
        "s2y": 0.0,
        "s2z": 0.0,
        "t_align_start": 400
    },
    "BAM_0075.h5": {
        "ecc": 0.5292942,
        "f_lower": 145.80889999999997,
        "kappa2t": 254.35537499999998,
        "lambda1": 1356.562,
        "lambda2": 1356.562,
        "m1": 1.380825,
        "m2": 1.380825,
        "s1x": 0.0,
        "s1y": 0.0,
        "s1z": 0.0,
        "s2x": 0.0,
        "s2y": 0.0,
        "s2z": 0.0,
        "t_align_start": 400
    },