{
    "BAM_0001.h5": {
        "ecc": 0.007092541,
        "f_lower": 454.5056000000001,
        "kappa2t": 23.761181250000003,
        "lambda1": 126.7263,
        "lambda2": 126.7263,
        "m1": 1.349976,
        "m2": 1.349976,
        "s1x": 0.0,
        "s1y": 0.0,
        "s1z": 0.0,
        "s2x": 0.0,
        "s2y": 0.0,
        "s2z": 0.0,
        "t_align_start": 700
    },
    "BAM_0109.h5": {
        "ecc": 0.007286399,
        "f_lower": 393.2353,
        "kappa2t": 134.78955846123108,
        "lambda1": 380.8475,
        "lambda2": 1305.247,
        "m1": 1.35468,
        "m2": 1.106713,
        "s1x": 0.0,
        "s1y": 0.0,
        "s1z": -0.1405828,
        "s2x": 0.0,
        "s2y": 0.0,
        "s2z": -0.1090993,
        "t_align_start": 700
    },
    "BAM_0120.h5": {
        "ecc": 0.01463161,
        "f_lower": 424.42440000000005,
        "kappa2t": 64.88681249999999,
        "lambda1": 346.063,
        "lambda2": 346.063,
        "m1": 1.375004,
        "m2": 1.375004,
        "s1x": 0.0,
        "s1y": 0.0,
        "s1z": 0.0,
        "s2x": 0.0,
        "s2y": 0.0,
        "s2z": 0.0,
        "t_align_start": 700
    },
    "THC_0029.h5": {
        "ecc": 0.0,
        "f_lower": 454.6036815,
        "kappa2t": 287.1624375,
        "lambda1": 1531.533,
        "lambda2": 1531.533,
        "m1": 1.35,
        "m2": 1.35,
        "s1x": 0.0,
        "s1y": 0.0,
        "s1z": 0.0,
        "s2x": 0.0,
        "s2y": 0.0,
        "s2z": 0.0,
        "t_align_start": 700
    },
    "THC_0036.h5": {
        "ecc": 0.0,
        "f_lower": 454.5535788,
        "kappa2t": 73.1457,
        "lambda1": 390.1104,
        "lambda2": 390.1104,
        "m1": 1.35,
        "m2": 1.35,
        "s1x": 0.0,
        "s1y": 0.0,
        "s1z": 0.0,
        "s2x": 0.0,
        "s2y": 0.0,
        "s2z": 0.0,
        "t_align_start": 700
    }
}