{
    "BAM_0035.h5": {
        "ecc": 0.009010893,
        "f_lower": 454.54709999999994,
        "kappa2t": 208.23450000000003,
        "lambda1": 1110.584,
        "lambda2": 1110.584,
        "m1": 1.350028,
        "m2": 1.350028,
        "s1x": 0.0,
        "s1y": 0.0,
        "s1z": 0.0,
        "s2x": 0.0,
        "s2y": 0.0,
        "s2z": 0.0,
        "t_align_start": 700
    },
    "BAM_0037.h5": {
        "ecc": 0.0009366474,
        "f_lower": 432.4908,
        "kappa2t": 188.66775,
        "lambda1": 1006.228,
        "lambda2": 1006.228,
        "m1": 1.371733,
        "m2": 1.371733,
        "s1x": 0.0,
        "s1y": 0.0,
        "s1z": 0.0,
        "s2x": 0.0,
        "s2y": 0.0,
        "s2z": 0.0,
        "t_align_start": 700
    },
    "BAM_0039.h5": {
        "ecc": 0.000529089,
        "f_lower": 432.71719999999993,
        "kappa2t": 187.8425625,
        "lambda1": 1001.827,
        "lambda2": 1001.827,
        "m1": 1.372588,
        "m2": 1.372588,
        "s1x": 0.0,
        "s1y": 0.0,
        "s1z": 0.2662587,
        "s2x": 0.0,
        "s2y": 0.0,
        "s2z": 0.2662587,
        "t_align_start": 700
    },
    "BAM_0047.h5": {
        "ecc": 0.01058579,
        "f_lower": 424.9875,
        "kappa2t": 106.34071875,
        "lambda1": 567.1505,
        "lambda2": 567.1505,
        "m1": 1.500021,
        "m2": 1.500021,
        "s1x": 0.0,
        "s1y": 0.0,
        "s1z": 0.0,
        "s2x": 0.0,
        "s2y": 0.0,
        "s2z": 0.0,
        "t_align_start": 700
    },
    "BAM_0062.h5": {
        "ecc": 0.001848777,
        "f_lower": 426.7746000000001,
        "kappa2t": 287.1624375,
        "lambda1": 1531.533,
        "lambda2": 1531.533,
        "m1": 1.350398,
        "m2": 1.350398,
        "s1x": 0.0,
        "s1y": 0.0,
        "s1z": -0.1799225,
        "s2x": 0.0,
        "s2y": 0.0,
        "s2z": -0.1799225,
        "t_align_start": 700
    },
    "BAM_0064.h5": {
        "ecc": 0.00177127,
        "f_lower": 427.19929999999994,
        "kappa2t": 287.1624375,
        "lambda1": 1531.533,
        "lambda2": 1531.533,
        "m1": 1.350032,
        "m2": 1.350032,
        "s1x": 0.0,
        "s1y": 0.0,
        "s1z": 0.0,
        "s2x": 0.0,
        "s2y": 0.0,
        "s2z": 0.0,
        "t_align_start": 700
    },
    "BAM_0065.h5": {
        "ecc": 0.009637078,
        "f_lower": 454.6036,
        "kappa2t": 287.1624375,
        "lambda1": 1531.533,
        "lambda2": 1531.533,
        "m1": 1.350028,
        "m2": 1.350028,
        "s1x": 0.0,
        "s1y": 0.0,
        "s1z": 0.0,
        "s2x": 0.0,
        "s2y": 0.0,
        "s2z": 0.0,
        "t_align_start": 700
    },
    "BAM_0068.h5": {
        "ecc": 0.002251789,
        "f_lower": 426.7919,
        "kappa2t": 285.969,
        "lambda1": 1525.168,
        "lambda2": 1525.168,
        "m1": 1.350868,
        "m2": 1.350868,
        "s1x": 0.0,
        "s1y": 0.0,
        "s1z": 0.2720701,
        "s2x": 0.0,
        "s2y": 0.0,
        "s2z": 0.2720701,
        "t_align_start": 700
    },
    "BAM_0070.h5": {
        "ecc": 0.003974129,
        "f_lower": 408.1217,
        "kappa2t": 260.3705625,
        "lambda1": 1388.643,
        "lambda2": 1388.643,
        "m1": 1.375008,
        "m2": 1.375008,
        "s1x": 0.0,
        "s1y": 0.0,
        "s1z": 0.0,
        "s2x": 0.0,
        "s2y": 0.0,
        "s2z": 0.0,
        "t_align_start": 700
    },
    "BAM_0088.h5": {
        "ecc": 0.01115306,
        "f_lower": 419.7354,
        "kappa2t": 161.95813125,
        "lambda1": 863.7767,
        "lambda2": 863.7767,
        "m1": 1.500016,
        "m2": 1.500016,
        "s1x": 0.0,
        "s1y": 0.0,
        "s1z": 0.0,
        "s2x": 0.0,
        "s2y": 0.0,
        "s2z": 0.0,
        "t_align_start": 700
    },
    "BAM_0089.h5": {
        "ecc": 0.009049843,
        "f_lower": 406.58689999999996,
        "kappa2t": 266.32719281570763,
        "lambda1": 781.9535,
        "lambda2": 2578.471,
        "m1": 1.527797,
        "m2": 1.222228,
        "s1x": 0.0,
        "s1y": 0.0,
        "s1z": 0.0,
        "s2x": 0.0,
        "s2y": 0.0,
        "s2z": 0.0,
        "t_align_start": 700
    },
    "BAM_0091.h5": {
        "ecc": 0.01072272,
        "f_lower": 406.5817,
        "kappa2t": 278.2643295496039,
        "lambda1": 502.2459,
        "lambda2": 4391.144,
        "m1": 1.650025,
        "m2": 1.1,
        "s1x": 0.0,
        "s1y": 0.0,
        "s1z": 0.0,
        "s2x": 0.0,
        "s2y": 0.0,
        "s2z": 0.0,
        "t_align_start": 700
    },
    "BAM_0095.h5": {
        "ecc": 0.0003982698,
        "f_lower": 453.3283,
        "kappa2t": 73.1457,
        "lambda1": 390.1104,
        "lambda2": 390.1104,
        "m1": 1.349998,
        "m2": 1.349998,
        "s1x": 0.0,
        "s1y": 0.0,
        "s1z": 0.0,
        "s2x": 0.0,
        "s2y": 0.0,
        "s2z": 0.0,
        "t_align_start": 700
    },
    "BAM_0101.h5": {
        "ecc": 0.000353557,
        "f_lower": 453.4574,
        "kappa2t": 73.1457,
        "lambda1": 390.1104,
        "lambda2": 390.1104,
        "m1": 1.350149,
        "m2": 1.350149,
        "s1x": 0.0,
        "s1y": 0.0,
        "s1z": 0.0956908,
        "s2x": 0.0,
        "s2y": 0.0,
        "s2z": 0.0956908,
        "t_align_start": 700
    },
    "BAM_0104.h5": {
        "ecc": 0.0007374461,
        "f_lower": 453.14809999999994,
        "kappa2t": 72.79475625,
        "lambda1": 388.2387,
        "lambda2": 388.2387,
        "m1": 1.350608,
        "m2": 1.350608,
        "s1x": 0.0,
        "s1y": 0.0,
        "s1z": 0.1926234,
        "s2x": 0.0,
        "s2y": 0.0,
        "s2z": 0.1926234,
        "t_align_start": 700
    }
}