{
    "1.07_1.46_1216_168_0.015_182_.txt.h5": {
        "ecc": 0.0,
        "f_lower": 484.6875436373301,
        "kappa2t": 90.26793101217247,
        "lambda1": 168.0,
        "lambda2": 1216.0,
        "m1": 1.46,
        "m2": 1.07,
        "s1x": 0.0,
        "s1y": 0.0,
        "s1z": 0.0,
        "s2x": 0.0,
        "s2y": 0.0,
        "s2z": 0.0,
        "t_align_start": 1000
    },
    "1.07_1.46_1695_252_0.015_182_.txt.h5": {
        "ecc": 0.0,
        "f_lower": 484.6875436373301,
        "kappa2t": 128.4038067784509,
        "lambda1": 252.0,
        "lambda2": 1695.0,
        "m1": 1.46,
        "m2": 1.07,
        "s1x": 0.0,
        "s1y": 0.0,
        "s1z": 0.0,
        "s2x": 0.0,
        "s2y": 0.0,
        "s2z": 0.0,
        "t_align_start": 1000
    },
    "1.07_1.46_2329_369_0.015_182_.txt.h5": {
        "ecc": 0.0,
        "f_lower": 484.6875436373301,
        "kappa2t": 179.72173745726192,
        "lambda1": 369.0,
        "lambda2": 2329.0,
        "m1": 1.46,
        "m2": 1.07,
        "s1x": 0.0,
        "s1y": 0.0,
        "s1z": 0.0,
        "s2x": 0.0,
        "s2y": 0.0,
        "s2z": 0.0,
        "t_align_start": 1000
    },
    "1.07_1.46_3196_535_0.015_182_.txt.h5": {
        "ecc": 0.0,
        "f_lower": 484.6875436373301,
        "kappa2t": 250.76754916441692,
        "lambda1": 535.0,
        "lambda2": 3196.0,
        "m1": 1.46,
        "m2": 1.07,
        "s1x": 0.0,
        "s1y": 0.0,
        "s1z": 0.0,
        "s2x": 0.0,
        "s2y": 0.0,
        "s2z": 0.0,
        "t_align_start": 1000
    },
    "1.07_1.46_4361_760_0.015_182_.txt.h5": {
        "ecc": 0.0,
        "f_lower": 484.6875436373301,
        "kappa2t": 346.5139255344831,
        "lambda1": 760.0,
        "lambda2": 4361.0,
        "m1": 1.46,
        "m2": 1.07,
        "s1x": 0.0,
        "s1y": 0.0,
        "s1z": 0.0,
        "s2x": 0.0,
        "s2y": 0.0,
        "s2z": 0.0,
        "t_align_start": 1000
    },
    "1.12_1.4_1304_333_0.015_182_.txt.h5": {
        "ecc": 0.0,
        "f_lower": 484.6875436373301,
        "kappa2t": 126.60421918172261,
        "lambda1": 333.0,
        "lambda2": 1304.0,
        "m1": 1.4,
        "m2": 1.12,
        "s1x": 0.0,
        "s1y": 0.0,
        "s1z": 0.0,
        "s2x": 0.0,
        "s2y": 0.0,
        "s2z": 0.0,
        "t_align_start": 1000
    },
    "1.12_1.4_1812_484_0.015_182_.txt.h5": {
        "ecc": 0.0,
        "f_lower": 484.6875436373301,
        "kappa2t": 178.67940706349484,
        "lambda1": 484.0,
        "lambda2": 1812.0,
        "m1": 1.4,
        "m2": 1.12,
        "s1x": 0.0,
        "s1y": 0.0,
        "s1z": 0.0,
        "s2x": 0.0,
        "s2y": 0.0,
        "s2z": 0.0,
        "t_align_start": 1000
    },
    "1.12_1.4_2490_693_0.015_182_.txt.h5": {
        "ecc": 0.0,
        "f_lower": 484.6875436373301,
        "kappa2t": 249.1481715967313,
        "lambda1": 693.0,
        "lambda2": 2490.0,
        "m1": 1.4,
        "m2": 1.12,
        "s1x": 0.0,
        "s1y": 0.0,
        "s1z": 0.0,
        "s2x": 0.0,
        "s2y": 0.0,
        "s2z": 0.0,
        "t_align_start": 1000
    },
    "1.12_1.4_3411_975_0.015_182_.txt.h5": {
        "ecc": 0.0,
        "f_lower": 484.6875436373301,
        "kappa2t": 344.626557865241,
        "lambda1": 975.0,
        "lambda2": 3411.0,
        "m1": 1.4,
        "m2": 1.12,
        "s1x": 0.0,
        "s1y": 0.0,
        "s1z": 0.0,
        "s2x": 0.0,
        "s2y": 0.0,
        "s2z": 0.0,
        "t_align_start": 1000
    },
    "1.12_1.4_933_225_0.015_182_.txt.h5": {
        "ecc": 0.0,
        "f_lower": 484.6875436373301,
        "kappa2t": 88.8677734397899,
        "lambda1": 225.0,
        "lambda2": 933.0,
        "m1": 1.4,
        "m2": 1.12,
        "s1x": 0.0,
        "s1y": 0.0,
        "s1z": 0.0,
        "s2x": 0.0,
        "s2y": 0.0,
        "s2z": 0.0,
        "t_align_start": 1000
    },
    "1.16_1.58_1079_142_0.0155_182_.txt.h5": {
        "ecc": 0.0,
        "f_lower": 500.84379509190785,
        "kappa2t": 79.23248995852083,
        "lambda1": 142.0,
        "lambda2": 1079.0,
        "m1": 1.58,
        "m2": 1.16,
        "s1x": 0.0,
        "s1y": 0.0,
        "s1z": 0.0,
        "s2x": 0.0,
        "s2y": 0.0,
        "s2z": 0.0,
        "t_align_start": 1000
    },
    "1.16_1.58_1506_215_0.0155_182_.txt.h5": {
        "ecc": 0.0,
        "f_lower": 500.84379509190785,
        "kappa2t": 113.01338058934729,
        "lambda1": 215.0,
        "lambda2": 1506.0,
        "m1": 1.58,
        "m2": 1.16,
        "s1x": 0.0,
        "s1y": 0.0,
        "s1z": 0.0,
        "s2x": 0.0,
        "s2y": 0.0,
        "s2z": 0.0,
        "t_align_start": 1000
    },
    "1.16_1.58_2085_319_0.0155_182_.txt.h5": {
        "ecc": 0.0,
        "f_lower": 500.84379509190785,
        "kappa2t": 159.5430445248427,
        "lambda1": 319.0,
        "lambda2": 2085.0,
        "m1": 1.58,
        "m2": 1.16,
        "s1x": 0.0,
        "s1y": 0.0,
        "s1z": 0.0,
        "s2x": 0.0,
        "s2y": 0.0,
        "s2z": 0.0,
        "t_align_start": 1000
    },
    "1.16_1.58_2863_465_0.0155_182_.txt.h5": {
        "ecc": 0.0,
        "f_lower": 500.84379509190785,
        "kappa2t": 222.9677010635047,
        "lambda1": 465.0,
        "lambda2": 2863.0,
        "m1": 1.58,
        "m2": 1.16,
        "s1x": 0.0,
        "s1y": 0.0,
        "s1z": 0.0,
        "s2x": 0.0,
        "s2y": 0.0,
        "s2z": 0.0,
        "t_align_start": 1000
    },
    "1.16_1.58_765_91_0.0155_182_.txt.h5": {
        "ecc": 0.0,
        "f_lower": 500.84379509190785,
        "kappa2t": 54.77831910543721,
        "lambda1": 91.0,
        "lambda2": 765.0,
        "m1": 1.58,
        "m2": 1.16,
        "s1x": 0.0,
        "s1y": 0.0,
        "s1z": 0.0,
        "s2x": 0.0,
        "s2y": 0.0,
        "s2z": 0.0,
        "t_align_start": 1000
    },
    "1.17_1.56_1013_157_0.0155_182_.txt.h5": {
        "ecc": 0.0,
        "f_lower": 500.84379509190785,
        "kappa2t": 79.53256198195804,
        "lambda1": 157.0,
        "lambda2": 1013.0,
        "m1": 1.56,
        "m2": 1.17,
        "s1x": 0.0,
        "s1y": 0.0,
        "s1z": 0.0,
        "s2x": 0.0,
        "s2y": 0.0,
        "s2z": 0.0,
        "t_align_start": 1000
    },
    "1.17_1.56_1415_238_0.0155_182_.txt.h5": {
        "ecc": 0.0,
        "f_lower": 500.84379509190785,
        "kappa2t": 113.72301376258059,
        "lambda1": 238.0,
        "lambda2": 1415.0,
        "m1": 1.56,
        "m2": 1.17,
        "s1x": 0.0,
        "s1y": 0.0,
        "s1z": 0.0,
        "s2x": 0.0,
        "s2y": 0.0,
        "s2z": 0.0,
        "t_align_start": 1000
    },
    "1.17_1.56_1963_350_0.0155_182_.txt.h5": {
        "ecc": 0.0,
        "f_lower": 500.84379509190785,
        "kappa2t": 160.55333629302805,
        "lambda1": 350.0,
        "lambda2": 1963.0,
        "m1": 1.56,
        "m2": 1.17,
        "s1x": 0.0,
        "s1y": 0.0,
        "s1z": 0.0,
        "s2x": 0.0,
        "s2y": 0.0,
        "s2z": 0.0,
        "t_align_start": 1000
    },
    "1.17_1.56_2692_509_0.0155_182_.txt.h5": {
        "ecc": 0.0,
        "f_lower": 500.84379509190785,
        "kappa2t": 224.25837219839713,
        "lambda1": 509.0,
        "lambda2": 2692.0,
        "m1": 1.56,
        "m2": 1.17,
        "s1x": 0.0,
        "s1y": 0.0,
        "s1z": 0.0,
        "s2x": 0.0,
        "s2y": 0.0,
        "s2z": 0.0,
        "t_align_start": 1000
    },
    "1.17_1.56_719_101_0.0155_182_.txt.h5": {
        "ecc": 0.0,
        "f_lower": 500.84379509190785,
        "kappa2t": 54.982983280775855,
        "lambda1": 101.0,
        "lambda2": 719.0,
        "m1": 1.56,
        "m2": 1.17,
        "s1x": 0.0,
        "s1y": 0.0,
        "s1z": 0.0,
        "s2x": 0.0,
        "s2y": 0.0,
        "s2z": 0.0,
        "t_align_start": 1000
    },
    "1.18_1.55_1354_249_0.0155_182_.txt.h5": {
        "ecc": 0.0,
        "f_lower": 500.84379509190785,
        "kappa2t": 113.38120804661217,