{
    "BAM_0026.h5": {
        "ecc": NaN,
        "f_lower": 568.0893,
        "kappa2t": 183.20045625000003,
        "lambda1": 977.0691,
        "lambda2": 977.0691,
        "m1": 1.514837,
        "m2": 1.514837,
        "s1x": 0.0,
        "s1y": 0.0,
        "s1z": 0.0,
        "s2x": 0.0,
        "s2y": 0.0,
        "s2z": 0.0,
        "t_align_start": 200
    },
    "BAM_0027.h5": {
        "ecc": NaN,
        "f_lower": 589.0743,
        "kappa2t": 183.20045625000003,
        "lambda1": 977.0691,
        "lambda2": 977.0691,
        "m1": 1.514842,
        "m2": 1.514842,
        "s1x": 0.0,
        "s1y": 0.0,
        "s1z": 0.0,
        "s2x": 0.0,
        "s2y": 0.0,
        "s2z": 0.0,
        "t_align_start": 200
    },
    "BAM_0032.h5": {
        "ecc": NaN,
        "f_lower": 568.0893,
        "kappa2t": 183.20045625000003,
        "lambda1": 977.0691,
        "lambda2": 977.0691,
        "m1": 1.514837,
        "m2": 1.514837,
        "s1x": 0.0,
        "s1y": 0.0,
        "s1z": 0.0,
        "s2x": 0.0,
        "s2y": 0.0,
        "s2z": 0.0,
        "t_align_start": 200
    }
}