{
    "BAM_0057.h5": {
        "ecc": 0.004443927,
        "f_lower": 410.9375,
        "kappa2t": 223.96420570839146,
        "lambda1": 173.5539,
        "lambda2": 5920.898,
        "m1": 1.75003,
        "m2": 1.000007,
        "s1x": 0.0,
        "s1y": 0.0,
        "s1z": 0.0,
        "s2x": 0.0,
        "s2y": 0.0,
        "s2z": 0.0,
        "t_align_start": 700
    },
    "BAM_0093.h5": {
        "ecc": 0.008189392,
        "f_lower": 406.43500000000006,
        "kappa2t": 293.7295713230687,
        "lambda1": 354.3653,
        "lambda2": 7022.366,
        "m1": 1.750032,
        "m2": 1.000001,
        "s1x": 0.0,
        "s1y": 0.0,
        "s1z": 0.0,
        "s2x": 0.0,
        "s2y": 0.0,
        "s2z": 0.0,
        "t_align_start": 700
    },
    "BAM_0094.h5": {
        "ecc": 0.003351762,
        "f_lower": 402.7543,
        "kappa2t": 245.28868187884393,
        "lambda1": 182.8778,
        "lambda2": 9279.913,
        "m1": 1.944006,
        "m2": 0.9440236,
        "s1x": 0.0,
        "s1y": 0.0,
        "s1z": 0.0,
        "s2x": 0.0,
        "s2y": 0.0,
        "s2z": 0.0,
        "t_align_start": 700
    }
}