{
    "BAM_0005.h5": {
        "ecc": 0.006876809,
        "f_lower": 423.2855,
        "kappa2t": 123.40243125000002,
        "lambda1": 658.1463,
        "lambda2": 658.1463,
        "m1": 1.375008,
        "m2": 1.375008,
        "s1x": 0.0,
        "s1y": 0.0,
        "s1z": 0.0,
        "s2x": 0.0,
        "s2y": 0.0,
        "s2z": 0.0,
        "t_align_start": 700
    },
    "BAM_0011.h5": {
        "ecc": 0.003109509,
        "f_lower": 395.6828,
        "kappa2t": 71.76898125,
        "lambda1": 382.7679,
        "lambda2": 382.7679,
        "m1": 1.500006,
        "m2": 1.500006,
        "s1x": 0.0,
        "s1y": 0.0,
        "s1z": 0.0,
        "s2x": 0.0,
        "s2y": 0.0,
        "s2z": 0.0,
        "t_align_start": 700
    },
    "BAM_0012.h5": {
        "ecc": 0.01024971,
        "f_lower": 419.90739999999994,
        "kappa2t": 125.79096374348056,
        "lambda1": 338.6302,
        "lambda2": 1279.917,
        "m1": 1.52779,
        "m2": 1.222231,
        "s1x": 0.0,
        "s1y": 0.0,
        "s1z": 0.0,
        "s2x": 0.0,
        "s2y": 0.0,
        "s2z": 0.0,
        "t_align_start": 700
    },
    "BAM_0016.h5": {
        "ecc": 0.002626643,
        "f_lower": 337.59100000000007,
        "kappa2t": 46.1309625,
        "lambda1": 246.0318,
        "lambda2": 246.0318,
        "m1": 1.600029,
        "m2": 1.600029,
        "s1x": 0.0,
        "s1y": 0.0,
        "s1z": 0.0,
        "s2x": 0.0,
        "s2y": 0.0,
        "s2z": 0.0,
        "t_align_start": 700
    },
    "BAM_0017.h5": {
        "ecc": 0.02239881,
        "f_lower": 417.85980000000006,
        "kappa2t": 130.8733320082617,
        "lambda1": 196.1285,
        "lambda2": 2209.371,
        "m1": 1.650015,
        "m2": 1.100016,
        "s1x": 0.0,
        "s1y": 0.0,
        "s1z": 0.0,
        "s2x": 0.0,
        "s2y": 0.0,
        "s2z": 0.0,
        "t_align_start": 700
    },
    "BAM_0021.h5": {
        "ecc": 0.004591342,
        "f_lower": 380.8416,
        "kappa2t": 137.01876321611593,
        "lambda1": 122.2547,
        "lambda2": 3528.002,
        "m1": 1.75001,
        "m2": 1.000009,
        "s1x": 0.0,
        "s1y": 0.0,
        "s1z": 0.0,
        "s2x": 0.0,
        "s2y": 0.0,
        "s2z": 0.0,
        "t_align_start": 700
    },
    "BAM_0042.h5": {
        "ecc": 0.01256216,
        "f_lower": 409.44569999999993,
        "kappa2t": 186.20008125,
        "lambda1": 993.0671,
        "lambda2": 993.0671,
        "m1": 1.375006,
        "m2": 1.375006,
        "s1x": 0.0,
        "s1y": 0.0,
        "s1z": 0.0,
        "s2x": 0.0,
        "s2y": 0.0,
        "s2z": 0.0,
        "t_align_start": 700
    },
    "BAM_0048.h5": {
        "ecc": 0.006600551,
        "f_lower": 410.2215,
        "kappa2t": 191.83486201132615,
        "lambda1": 499.554,
        "lambda2": 1986.016,
        "m1": 1.527789,
        "m2": 1.222228,
        "s1x": 0.0,
        "s1y": 0.0,
        "s1z": 0.0,
        "s2x": 0.0,
        "s2y": 0.0,
        "s2z": 0.0,
        "t_align_start": 700
    },
    "BAM_0052.h5": {
        "ecc": 0.01424902,
        "f_lower": 437.5196,
        "kappa2t": 67.3297875,
        "lambda1": 359.0922,
        "lambda2": 359.0922,
        "m1": 1.600023,
        "m2": 1.600023,
        "s1x": 0.0,
        "s1y": 0.0,
        "s1z": 0.0,
        "s2x": 0.0,
        "s2y": 0.0,
        "s2z": 0.0,
        "t_align_start": 700
    },
    "BAM_0053.h5": {
        "ecc": 0.003304594,
        "f_lower": 410.9811000000001,
        "kappa2t": 205.5245257770493,
        "lambda1": 283.873,
        "lambda2": 3556.468,
        "m1": 1.650017,
        "m2": 1.100006,
        "s1x": 0.0,
        "s1y": 0.0,
        "s1z": 0.0,
        "s2x": 0.0,
        "s2y": 0.0,
        "s2z": 0.0,
        "t_align_start": 700
    },
    "BAM_0090.h5": {
        "ecc": NaN,
        "f_lower": 431.71260000000007,
        "kappa2t": 112.51059375000001,
        "lambda1": 600.0565,
        "lambda2": 600.0565,
        "m1": 1.600028,
        "m2": 1.600028,
        "s1x": 0.0,
        "s1y": 0.0,
        "s1z": 0.0,
        "s2x": 0.0,
        "s2y": 0.0,
        "s2z": 0.0,
        "t_align_start": 700
    },
    "BAM_0092.h5": {
        "ecc": NaN,
        "f_lower": 402.1974,
        "kappa2t": 79.02028125000001,
        "lambda1": 421.4415,
        "lambda2": 421.4415,
        "m1": 1.700028,
        "m2": 1.700028,
        "s1x": 0.0,
        "s1y": 0.0,
        "s1z": 0.0,
        "s2x": 0.0,
        "s2y": 0.0,
        "s2z": 0.0,
        "t_align_start": 700
    },
    "BAM_0096.h5": {
        "ecc": 0.008620887,
        "f_lower": 454.5536,
        "kappa2t": 73.1457,
        "lambda1": 390.1104,
        "lambda2": 390.1104,
        "m1": 1.349998,
        "m2": 1.349998,
        "s1x": 0.0,
        "s1y": 0.0,
        "s1z": 0.0,
        "s2x": 0.0,
        "s2y": 0.0,
        "s2z": 0.0,
        "t_align_start": 700
    },
    "BAM_0107.h5": {
        "ecc": 0.003436796,
        "f_lower": 392.731,
        "kappa2t": 135.4774115452119,
        "lambda1": 382.681,
        "lambda2": 1312.105,
        "m1": 1.354356,
        "m2": 1.106457,
        "s1x": 0.0,
        "s1y": 0.0,
        "s1z": 0.0,
        "s2x": 0.0,
        "s2y": 0.0,
        "s2z": 0.0,
        "t_align_start": 700
    },
    "BAM_0124.h5": {
        "ecc": 0.01193778,
        "f_lower": 407.75769999999994,
        "kappa2t": 134.73450205483775,
        "lambda1": 191.028,
        "lambda2": 2313.732,
        "m1": 1.500009,
        "m2": 1.000007,
        "s1x": 0.0,
        "s1y": 0.0,
        "s1z": 0.0,
        "s2x": 0.0,
        "s2y": 0.0,
        "s2z": 0.0,
        "t_align_start": 700
    },
    "BAM_0126.h5": {
        "ecc": 0.008330504,
        "f_lower": 426.1257,
        "kappa2t": 68.37238644643509,
        "lambda1": 168.0418,
        "lambda2": 728.0753,
        "m1": 1.527793,
        "m2": 1.222225,
        "s1x": 0.0,
        "s1y": 0.0,
        "s1z": 0.0,
        "s2x": 0.0,
        "s2y": 0.0,
        "s2z": 0.0,
        "t_align_start": 700
    },
    "BAM_0127.h5": {
        "ecc": 0.008023282,
        "f_lower": 426.2916000000001,
        "kappa2t": 76.24361445997077,
        "lambda1": 93.12926,
        "lambda2": 1367.852,
        "m1": 1.650019,
        "m2": 1.097885,
        "s1x": 0.0,
        "s1y": 0.0,
        "s1z": 0.0,
        "s2x": 0.0,
        "s2y": 0.0,
        "s2z": 0.0,
        "t_align_start": 700
    }
}