{
    "BAM_0023.h5": {
        "ecc": NaN,
        "f_lower": 568.1366,
        "kappa2t": 183.20045625000003,
        "lambda1": 977.0691,
        "lambda2": 977.0691,
        "m1": 1.514867,
        "m2": 1.514867,
        "s1x": 0.0,
        "s1y": 0.0,
        "s1z": -0.05710255,
        "s2x": 0.0,
        "s2y": 0.0,
        "s2z": -0.05710255,
        "t_align_start": 200
    },
    "BAM_0024.h5": {
        "ecc": NaN,
        "f_lower": 568.217,
        "kappa2t": 183.20045625000003,
        "lambda1": 977.0691,
        "lambda2": 977.0691,
        "m1": 1.514958,
        "m2": 1.514958,
        "s1x": 0.0,
        "s1y": 0.0,
        "s1z": -0.1144857,
        "s2x": 0.0,
        "s2y": 0.0,
        "s2z": -0.1144857,
        "t_align_start": 200
    },
    "BAM_0025.h5": {
        "ecc": NaN,
        "f_lower": 568.6609,
        "kappa2t": 183.20045625000003,
        "lambda1": 977.0691,
        "lambda2": 977.0691,
        "m1": 1.515326,
        "m2": 1.515326,
        "s1x": 0.0,
        "s1y": 0.0,
        "s1z": -0.2312804,
        "s2x": 0.0,
        "s2y": 0.0,
        "s2z": -0.2312804,
        "t_align_start": 200
    },
    "BAM_0026.h5": {
        "ecc": NaN,
        "f_lower": 568.0893,
        "kappa2t": 183.20045625000003,
        "lambda1": 977.0691,
        "lambda2": 977.0691,
        "m1": 1.514837,
        "m2": 1.514837,
        "s1x": 0.0,
        "s1y": 0.0,
        "s1z": 0.0,
        "s2x": 0.0,
        "s2y": 0.0,
        "s2z": 0.0,
        "t_align_start": 200
    },
    "BAM_0027.h5": {
        "ecc": NaN,
        "f_lower": 589.0743,
        "kappa2t": 183.20045625000003,
        "lambda1": 977.0691,
        "lambda2": 977.0691,
        "m1": 1.514842,
        "m2": 1.514842,
        "s1x": 0.0,
        "s1y": 0.0,
        "s1z": 0.0,
        "s2x": 0.0,
        "s2y": 0.0,
        "s2z": 0.0,
        "t_align_start": 200
    },
    "BAM_0028.h5": {
        "ecc": NaN,
        "f_lower": 568.0438,
        "kappa2t": 183.20045625000003,
        "lambda1": 977.0691,
        "lambda2": 977.0691,
        "m1": 1.514867,
        "m2": 1.514867,
        "s1x": 0.0,
        "s1y": 0.0,
        "s1z": 0.05710255,
        "s2x": 0.0,
        "s2y": 0.0,
        "s2z": 0.05710255,
        "t_align_start": 200
    },
    "BAM_0029.h5": {
        "ecc": NaN,
        "f_lower": 568.0515,
        "kappa2t": 183.20045625000003,
        "lambda1": 977.0691,
        "lambda2": 977.0691,
        "m1": 1.514958,
        "m2": 1.514958,
        "s1x": 0.0,
        "s1y": 0.0,
        "s1z": 0.1144857,
        "s2x": 0.0,
        "s2y": 0.0,
        "s2z": 0.1144857,
        "t_align_start": 200
    },
    "BAM_0030.h5": {
        "ecc": NaN,
        "f_lower": 568.0446,
        "kappa2t": 183.20045625000003,
        "lambda1": 977.0691,
        "lambda2": 977.0691,
        "m1": 1.515326,
        "m2": 1.515326,
        "s1x": 0.0,
        "s1y": 0.0,
        "s1z": 0.2312804,
        "s2x": 0.0,
        "s2y": 0.0,
        "s2z": 0.2312804,
        "t_align_start": 200
    },
    "BAM_0031.h5": {
        "ecc": NaN,
        "f_lower": 568.6609,
        "kappa2t": 183.20045625000003,
        "lambda1": 977.0691,
        "lambda2": 977.0691,
        "m1": 1.515326,
        "m2": 1.515326,
        "s1x": 0.0,
        "s1y": 0.0,
        "s1z": -0.2312804,
        "s2x": 0.0,
        "s2y": 0.0,
        "s2z": -0.2312804,
        "t_align_start": 200
    },
    "BAM_0032.h5": {
        "ecc": NaN,
        "f_lower": 568.0893,
        "kappa2t": 183.20045625000003,
        "lambda1": 977.0691,
        "lambda2": 977.0691,
        "m1": 1.514837,
        "m2": 1.514837,
        "s1x": 0.0,
        "s1y": 0.0,
        "s1z": 0.0,
        "s2x": 0.0,
        "s2y": 0.0,
        "s2z": 0.0,
        "t_align_start": 200
    },
    "BAM_0033.h5": {
        "ecc": NaN,
        "f_lower": 568.0515,
        "kappa2t": 183.20045625000003,
        "lambda1": 977.0691,
        "lambda2": 977.0691,
        "m1": 1.514958,
        "m2": 1.514958,
        "s1x": 0.0,
        "s1y": 0.0,
        "s1z": 0.1144857,
        "s2x": 0.0,
        "s2y": 0.0,
        "s2z": 0.1144857,
        "t_align_start": 200
    },
    "BAM_0034.h5": {
        "ecc": NaN,
        "f_lower": 568.0446,
        "kappa2t": 183.20045625000003,
        "lambda1": 977.0691,
        "lambda2": 977.0691,
        "m1": 1.515326,
        "m2": 1.515326,
        "s1x": 0.0,
        "s1y": 0.0,
        "s1z": 0.2312804,
        "s2x": 0.0,
        "s2y": 0.0,
        "s2z": 0.2312804,
        "t_align_start": 200
    },
    "BAM_0099.h5": {
        "ecc": NaN,
        "f_lower": 598.0239,
        "kappa2t": 73.1457,
        "lambda1": 390.1104,
        "lambda2": 390.1104,
        "m1": 1.35,
        "m2": 1.35,
        "s1x": 0.0,
        "s1y": 0.0,
        "s1z": 0.0,
        "s2x": 0.0,
        "s2y": 0.0,
        "s2z": 0.0,
        "t_align_start": 200
    },
    "BAM_0100.h5": {
        "ecc": NaN,
        "f_lower": 717.6676,
        "kappa2t": 73.1457,
        "lambda1": 390.1104,
        "lambda2": 390.1104,
        "m1": 1.350001,
        "m2": 1.350001,
        "s1x": 0.0,
        "s1y": 0.0,
        "s1z": 0.0,
        "s2x": 0.0,
        "s2y": 0.0,
        "s2z": 0.0,
        "t_align_start": 200
    },
    "BAM_0103.h5": {
        "ecc": NaN,
        "f_lower": 619.1768000000001,
        "kappa2t": 72.79475625,
        "lambda1": 388.2387,
        "lambda2": 388.2387,
        "m1": 1.350887,
        "m2": 1.350887,
        "s1x": 0.0,
        "s1y": 0.0,
        "s1z": 0.0,
        "s2x": 0.0,
        "s2y": 0.0,
        "s2z": 0.0,
        "t_align_start": 200
    },
    "BAM_0125.h5": {
        "ecc": 0.01,
        "f_lower": 688.7859,
        "kappa2t": 35.817750000000004,
        "lambda1": 191.028,
        "lambda2": 191.028,
        "m1": 1.500237,
        "m2": 1.500237,
        "s1x": 0.0,
        "s1y": 0.0,
        "s1z": 0.0,
        "s2x": 0.0,
        "s2y": 0.0,
        "s2z": 0.0,
        "t_align_start": 200
    },
    "THC_0001.h5": {
        "ecc": 0.0,
        "f_lower": 644.684,
        "kappa2t": 242.86873383835234,
        "lambda1": 1295.2999138045457,
        "lambda2": 1295.2999138045457,
        "m1": 1.25,
        "m2": 1.25,
        "s1x": 0.0,
        "s1y": 0.0,
        "s1z": 0.0,
        "s2x": 0.0,
        "s2y": 0.0,
        "s2z": 0.0,
        "t_align_start": 200
    },
    "THC_0002.h5": {
        "ecc": 0.0,
        "f_lower": 654.862,
        "kappa2t": 196.06386773571654,
        "lambda1": 1045.6739612571548,
        "lambda2": 1045.6739612571548,
        "m1": 1.3,
        "m2": 1.3,
        "s1x": 0.0,
        "s1y": 0.0,
        "s1z": 0.0,
        "s2x": 0.0,
        "s2y": 0.0,
        "s2z": 0.0,
        "t_align_start": 200
    },
    "THC_0003.h5": {
        "ecc": 0.0,
        "f_lower": 663.58,
        "kappa2t": 159.00842962497978,
        "lambda1": 848.0449579998921,
        "lambda2": 848.0449579998921,
        "m1": 1.35,
        "m2": 1.35,
        "s1x": 0.0,
        "s1y": 0.0,
        "s1z": 0.0,
        "s2x": 0.0,
        "s2y": 0.0,
        "s2z": 0.0,
        "t_align_start": 200
    },
    "THC_0004.h5": {
        "ecc": 0.0,
        "f_lower": 656.0000000000001,
        "kappa2t": 190.6828795562392,
        "lambda1": 797.1340585207874,
        "lambda2": 1295.2999138045457,
        "m1": 1.365,
        "m2": 1.25,
        "s1x": 0.0,
        "s1y": 0.0,
        "s1z": 0.0,
        "s2x": 0.0,
        "s2y": 0.0,
        "s2z": 0.0,
        "t_align_start": 200
    },
    "THC_0005.h5": {
        "ecc": 0.0,
        "f_lower": 652.714,
        "kappa2t": 198.29910580654135,
        "lambda1": 690.6300963090755,
        "lambda2": 1612.2480295082821,
        "m1": 1.4,
        "m2": 1.2,
        "s1x": 0.0,
        "s1y": 0.0,
        "s1z": 0.0,
        "s2x": 0.0,
        "s2y": 0.0,
        "s2z": 0.0,
        "t_align_start": 200
    },
    "THC_0006.h5": {
        "ecc": 0.0,